Rk,Player,Pos,Squad,Age,Born,90s,Gls,Sh,SoT,SoT%,Sh/90,SoT/90,G/Sh,G/SoT,PK,PKatt,Matches,-9999,Shooting_Accuracy,Accuracy_Difference
454,Raúl Jiménez,FW,mx Mexico,35,1991,3.5,3,18,7,38.9,5.11,1.99,0.17,0.43,1,1,Matches,b561db50,38.88888888888889,0.011111111111105743
36,Kerem Aktürkoğlu,FW,tr Türkiye,27,1998,1.4,0,3,1,33.3,2.09,0.7,0.0,0.0,0,0,Matches,f28659fb,33.33333333333333,0.03333333333333144
400,Kai Havertz,FW,de Germany,27,1999,3.9,3,12,7,58.3,3.06,1.78,0.25,0.43,1,1,Matches,fed7cb61,58.333333333333336,0.033333333333338544
462,Vinicius Júnior,FW,br Brazil,25,2000,4.9,4,17,11,64.7,3.48,2.25,0.24,0.36,0,0,Matches,7111d552,64.70588235294117,0.005882352941171121
353,Amine Gouiri,FW,dz Algeria,26,2000,2.8,1,3,2,66.7,1.08,0.72,0.33,0.5,0,0,Matches,aad56ca3,66.66666666666666,0.03333333333334565
435,Wilson Isidor,FW,ht Haiti,25,2000,2.1,1,5,2,40.0,2.42,0.97,0.2,0.5,0,0,Matches,a671316d,40.0,0.0
227,Jonathan David,FW,ca Canada,26,2000,4.7,3,18,8,44.4,3.86,1.71,0.17,0.38,0,0,Matches,ce50fd99,44.44444444444444,0.04444444444444429
945,Ferran Torres,FW,es Spain,26,2000,3.2,1,14,4,28.6,4.37,1.25,0.07,0.25,0,0,Matches,9e1035f8,28.57142857142857,0.028571428571432023
103,Folarin Balogun,FW,us USA,24,2001,3.5,3,14,5,35.7,4.04,1.44,0.21,0.6,0,0,Matches,31822f8c,35.714285714285715,0.014285714285712459
245,Ermedin Demirović,FW,ba Bosnia–Herz,28,1998,3.9,0,4,4,100.0,1.02,1.02,0.0,0.0,0,0,Matches,ed79b7d3,100.0,0.0
658,Iliman Ndiaye,FW,sn Senegal,26,2000,1.3,1,3,2,66.7,2.37,1.58,0.33,0.5,0,0,Matches,5ed97752,66.66666666666666,0.03333333333334565
469,Saša Kalajdžić,FW,at Austria,28,1997,0.9,1,4,1,25.0,4.68,1.17,0.25,1.0,0,0,Matches,15f24fe7,25.0,0.0
913,Alexander Sørloth,FW,no Norway,30,1995,3.7,0,5,0,0.0,1.34,0.0,0.0,,0,0,Matches,e92cd3f7,0.0,0.0
474,Lee Kang-in,FW,kr Korea Republic,25,2001,3.0,0,4,1,25.0,1.33,0.33,0.0,0.0,0,0,Matches,8455ad90,25.0,0.0
914,Musa Al-Taamari,FW,jo Jordan,29,1997,2.4,1,8,3,37.5,3.35,1.26,0.13,0.33,0,0,Matches,f15f8b2b,37.5,0.0
584,Fiston Mayele,FW,cd Congo DR,31,1994,0.5,1,5,1,20.0,10.71,2.14,0.2,1.0,0,0,Matches,0d113a00,20.0,0.0
958,Deniz Undav,FW,de Germany,29,1996,1.7,3,6,4,66.7,3.58,2.38,0.5,0.75,0,0,Matches,dd549382,66.66666666666666,0.03333333333334565
817,Ismael Saibari,FW,ma Morocco,25,2001,4.2,3,10,3,30.0,2.36,0.71,0.3,1.0,0,0,Matches,3ec9f005,30.0,0.0
725,Ricardo Pepi,FW,us USA,23,2003,2.3,0,5,0,0.0,2.21,0.0,0.0,,0,0,Matches,a2b1ed42,0.0,0.0
560,Donyell Malen,FW,nl Netherlands,27,1999,2.1,0,4,2,50.0,1.95,0.97,0.0,0.0,0,0,Matches,116c35df,50.0,0.0
220,Matheus Cunha,FW,br Brazil,27,1999,3.2,3,11,5,45.5,3.41,1.55,0.27,0.6,0,0,Matches,dc62b55d,45.45454545454545,0.045454545454546746
863,Lawrence Shankland,FW,sct Scotland,30,1995,1.9,0,4,0,0.0,2.11,0.0,0.0,,0,0,Matches,63b1a176,0.0,0.0
140,Oscar Bobb,FW,no Norway,22,2003,2.5,0,4,2,50.0,1.6,0.8,0.0,0.0,0,0,Matches,eed2427e,50.0,0.0
613,Lionel Messi,FW,ar Argentina,38,1987,8.2,8,35,18,51.4,4.26,2.19,0.23,0.44,0,2,Matches,d70ce98e,51.42857142857142,0.028571428571424917
473,Harry Kane,FW,eng England,32,1993,7.2,6,23,12,52.2,3.17,1.66,0.26,0.5,2,2,Matches,21a66f6a,52.17391304347826,0.026086956521744753
839,Andreas Schjelderup,FW,no Norway,22,2004,2.8,1,3,2,66.7,1.07,0.71,0.33,0.5,0,0,Matches,a427724f,66.66666666666666,0.03333333333334565
578,Hazem Mastouri,FW,tn Tunisia,28,1997,1.0,1,3,2,66.7,3.03,2.02,0.33,0.5,0,0,Matches,c88f913e,66.66666666666666,0.03333333333334565
724,Nicolas Pépé,FW,ci Côte d'Ivoire,31,1995,2.6,2,6,3,50.0,2.31,1.15,0.33,0.67,0,0,Matches,57e3f0c7,50.0,0.0
285,Endrick,FW,br Brazil,19,2006,1.3,0,3,0,0.0,2.37,0.0,0.0,,0,0,Matches,a2728fbf,0.0,0.0
558,Evidence Makgopa,FW,za South Africa,26,2000,2.4,0,4,3,75.0,1.67,1.26,0.0,0.0,0,0,Matches,4d76d03b,75.0,0.0
732,Frantzdy Pierrot,FW,ht Haiti,31,1995,1.6,0,3,1,33.3,1.89,0.63,0.0,0.0,0,0,Matches,307877be,33.33333333333333,0.03333333333333144
1009,Chris Wood,FW,nz New Zealand,34,1991,3.0,0,5,2,40.0,1.67,0.67,0.0,0.0,0,0,Matches,4e9a0555,40.0,0.0
158,Ante Budimir,FW,hr Croatia,34,1991,1.7,1,3,1,33.3,1.74,0.58,0.33,1.0,0,0,Matches,8f3565b3,33.33333333333333,0.03333333333333144
677,Antonio Nusa,FW,no Norway,21,2005,3.5,1,6,2,33.3,1.7,0.57,0.17,0.5,0,0,Matches,4ab12002,33.33333333333333,0.03333333333333144
707,Mikel Oyarzabal,FW,es Spain,29,1997,6.7,5,23,12,52.2,3.44,1.8,0.22,0.42,1,1,Matches,8c3c640c,52.17391304347826,0.026086956521744753
372,Viktor Gyökeres,FW,se Sweden,28,1998,4.0,1,12,6,50.0,3.0,1.5,0.08,0.17,0,0,Matches,4d5a9185,50.0,0.0
897,Luis Suárez,FW,co Colombia,28,1997,3.7,0,9,0,0.0,2.45,0.0,0.0,,0,0,Matches,eeba07f8,0.0,0.0
423,Ayman Hussein,FW,iq Iraq,30,1996,1.3,1,3,1,33.3,2.35,0.78,0.33,1.0,0,0,Matches,8b574de7,33.33333333333333,0.03333333333333144
582,Jean-Philippe Mateta,FW,fr France,28,1997,0.3,0,3,1,33.3,11.25,3.75,0.0,0.0,0,0,Matches,50e6dc35,33.33333333333333,0.03333333333333144
276,Edin Džeko,FW,ba Bosnia–Herz,40,1986,2.0,0,3,0,0.0,1.53,0.0,0.0,,0,0,Matches,3bb7f478,0.0,0.0
983,Denis Višinský,FW,cz Czechia,23,2003,0.6,0,3,0,0.0,4.91,0.0,0.0,,0,0,Matches,d5aac0e9,0.0,0.0
101,Cédric Bakambu,FW,cd Congo DR,35,1991,2.1,0,3,0,0.0,1.42,0.0,0.0,,0,0,Matches,0af4dcf0,0.0,0.0
324,Cody Gakpo,FW,nl Netherlands,27,1999,4.1,3,10,6,60.0,2.45,1.47,0.3,0.5,0,0,Matches,1971591f,60.0,0.0
544,Jovo Lukić,FW,ba Bosnia–Herz,27,1998,0.7,1,3,2,66.7,4.03,2.69,0.33,0.5,0,0,Matches,a2056e82,66.66666666666666,0.03333333333334565
177,Agustín Canobbio,FW,uy Uruguay,27,1998,2.5,1,4,1,25.0,1.61,0.4,0.25,1.0,0,0,Matches,4f5a2f38,25.0,0.0
868,Eldor Shomurodov,FW,uz Uzbekistan,30,1995,3.0,1,4,2,50.0,1.34,0.67,0.25,0.5,0,0,Matches,57469b2d,50.0,0.0
154,Brian Brobbey,FW,nl Netherlands,24,2002,2.5,3,4,3,75.0,1.61,1.21,0.75,1.0,0,0,Matches,4c184730,75.0,0.0
520,Cyle Larin,FW,ca Canada,31,1995,2.1,2,9,4,44.4,4.26,1.89,0.22,0.5,0,0,Matches,e7af9060,44.44444444444444,0.04444444444444429
956,Ayase Ueda,FW,jp Japan,27,1998,3.6,2,9,4,44.4,2.52,1.12,0.22,0.5,0,0,Matches,c0295327,44.44444444444444,0.04444444444444429
759,Soufiane Rahimi,FW,ma Morocco,30,1996,1.8,2,6,4,66.7,3.31,2.21,0.33,0.5,0,0,Matches,f126a259,66.66666666666666,0.03333333333334565
693,Dani Olmo,MF,es Spain,28,1998,5.5,0,13,2,15.4,2.38,0.37,0.0,0.0,0,0,Matches,ae44e8e2,15.384615384615385,0.01538461538461533
712,Lucas Paquetá,MF,br Brazil,28,1997,2.6,0,5,1,20.0,1.93,0.39,0.0,0.0,0,0,Matches,9b6f7fd5,20.0,0.0
939,Malik Tillman,MF,us USA,24,2002,4.0,2,8,4,50.0,2.02,1.01,0.25,0.5,0,0,Matches,a5420709,50.0,0.0
348,Nicolás González,MF,ar Argentina,28,1998,2.9,0,7,1,14.3,2.43,0.35,0.0,0.0,0,0,Matches,2374aaca,14.285714285714285,0.014285714285716011
614,Connor Metcalfe,MF,au Australia,26,1999,3.5,1,5,2,40.0,1.43,0.57,0.2,0.5,0,0,Matches,73ce4d7d,40.0,0.0
203,Livano Comenencia,MF,cw Curaçao,22,2004,2.6,1,5,2,40.0,1.93,0.77,0.2,0.5,0,0,Matches,c9d96dc1,40.0,0.0
654,Keito Nakamura,MF,jp Japan,25,2000,3.4,1,5,2,40.0,1.47,0.59,0.2,0.5,0,0,Matches,d97af612,40.0,0.0
329,Ben Gannon-Doak,MF,sct Scotland,20,2005,2.1,0,4,0,0.0,1.94,0.0,0.0,,0,0,Matches,733f1a7d,0.0,0.0
649,Jamal Musiala,MF,de Germany,23,2003,3.0,1,6,1,16.7,2.0,0.33,0.17,1.0,0,0,Matches,2c0558b8,16.666666666666664,0.03333333333333499
950,Trézéguet,MF,eg Egypt,31,1994,1.8,1,8,3,37.5,4.39,1.65,0.13,0.33,0,0,Matches,3ae14ed1,37.5,0.0
135,Sebastian Berhalter,MF,us USA,25,2001,2.1,1,3,1,33.3,1.44,0.48,0.33,1.0,0,0,Matches,f33ee427,33.33333333333333,0.03333333333333144
583,Mauricio,MF,py Paraguay,25,2001,1.9,1,4,3,75.0,2.08,1.56,0.25,0.33,0,0,Matches,bf4cbc22,75.0,0.0
122,Jean-Ricner Bellegarde,MF,ht Haiti,27,1998,2.9,0,6,0,0.0,2.08,0.0,0.0,,0,0,Matches,10f0fdd3,0.0,0.0
433,Jackson Irvine,MF,au Australia,33,1993,2.5,0,3,1,33.3,1.21,0.4,0.0,0.0,0,0,Matches,4637747c,33.33333333333333,0.03333333333333144
172,Lamine Camara,MF,sn Senegal,22,2004,2.8,0,3,0,0.0,1.09,0.0,0.0,,0,0,Matches,19c2ffa4,0.0,0.0
232,Salem Al-Dawsari,MF,sa Saudi Arabia,34,1991,2.7,0,3,0,0.0,1.1,0.0,0.0,,0,0,Matches,60ee859c,0.0,0.0
813,Marcel Sabitzer,MF,at Austria,32,1994,4.0,1,5,2,40.0,1.25,0.5,0.2,0.5,0,0,Matches,e280527c,40.0,0.0
972,Ruben Vargas,MF,ch Switzerland,27,1998,3.2,2,6,4,66.7,1.9,1.27,0.33,0.5,0,0,Matches,6ecbddf6,66.66666666666666,0.03333333333334565
633,Gilberto Mora,MF,mx Mexico,17,2008,2.4,0,5,0,0.0,2.11,0.0,0.0,,0,0,Matches,69c9ffe8,0.0,0.0
123,Jude Bellingham,MF,eng England,22,2003,6.8,7,19,13,68.4,2.79,1.91,0.37,0.54,0,0,Matches,57d88cf9,68.42105263157895,0.02105263157893944
505,Mateo Kovačić,MF,hr Croatia,32,1994,3.0,0,5,4,80.0,1.67,1.33,0.0,0.0,0,0,Matches,79c0821a,80.0,0.0
132,Patrick Berg,MF,no Norway,28,1997,4.9,0,3,0,0.0,0.61,0.0,0.0,,0,0,Matches,e4114f5d,0.0,0.0
100,Esmir Bajraktarevic,MF,ba Bosnia–Herz,21,2005,2.6,0,3,2,66.7,1.17,0.78,0.0,0.0,0,0,Matches,dff24174,66.66666666666666,0.03333333333334565
95,Neil El Aynaoui,MF,ma Morocco,24,2001,6.2,0,7,2,28.6,1.12,0.32,0.0,0.0,0,0,Matches,17e1261b,28.57142857142857,0.028571428571432023
234,Kevin De Bruyne,MF,be Belgium,34,1991,4.2,1,20,5,25.0,4.71,1.18,0.05,0.2,0,0,Matches,e46012d4,25.0,0.0
987,Cristian Volpato,MF,au Australia,22,2003,1.8,0,4,1,25.0,2.25,0.56,0.0,0.0,0,0,Matches,72f87f25,25.0,0.0
629,Jamiro Monteiro,MF,cv Cabo Verde,32,1993,3.1,0,5,1,20.0,1.6,0.32,0.0,0.0,0,0,Matches,d384bddd,20.0,0.0
349,Anthony Gordon,MF,eng England,25,2001,4.4,1,6,4,66.7,1.36,0.91,0.17,0.25,0,0,Matches,2bd83368,66.66666666666666,0.03333333333334565
821,Nathan Saliba,MF,ca Canada,22,2004,2.0,1,3,1,33.3,1.48,0.49,0.33,1.0,0,0,Matches,44cfc681,33.33333333333333,0.03333333333333144
691,Michael Olise,MF,fr France,24,2001,7.2,0,20,5,25.0,2.79,0.7,0.0,0.0,0,0,Matches,c4486bac,25.0,0.0
889,Marko Stamenic,MF,nz New Zealand,24,2002,3.0,0,3,0,0.0,1.0,0.0,0.0,,0,0,Matches,690d1049,0.0,0.0
543,Dodi Lukebakio,MF,be Belgium,28,1997,1.8,0,7,1,14.3,3.84,0.55,0.0,0.0,0,0,Matches,0c61c77c,14.285714285714285,0.014285714285716011
364,Bruno Guimarães,MF,br Brazil,28,1997,4.6,0,8,2,25.0,1.73,0.43,0.0,0.0,0,1,Matches,82518f62,25.0,0.0
746,Ruben Providence,MF,ht Haiti,24,2001,2.4,0,4,1,25.0,1.64,0.41,0.0,0.0,0,0,Matches,26bab383,25.0,0.0
49,Thiago Almada,MF,ar Argentina,25,2001,2.7,0,5,2,40.0,1.87,0.75,0.0,0.0,0,0,Matches,27f33438,40.0,0.0
790,Rodri,MF,es Spain,29,1996,8.0,0,7,0,0.0,0.87,0.0,0.0,,0,0,Matches,6434f10d,0.0,0.0
304,Abbosbek Fayzullayev,MF,uz Uzbekistan,22,2003,2.4,1,3,2,66.7,1.23,0.82,0.33,0.5,0,0,Matches,ef1d36a1,66.66666666666666,0.03333333333334565
290,Stephen Eustáquio,MF,ca Canada,29,1996,4.4,1,4,1,25.0,0.92,0.23,0.25,1.0,0,0,Matches,577efaec,25.0,0.0
463,Elijah Just,MF,nz New Zealand,26,2000,2.9,3,7,5,71.4,2.39,1.7,0.43,0.6,0,0,Matches,0c295d6e,71.42857142857143,0.028571428571424917
599,Scott McTominay,MF,sct Scotland,29,1996,3.0,0,8,3,37.5,2.67,1.0,0.0,0.0,0,0,Matches,d93c2511,37.5,0.0
184,Lukáš Červ,MF,cz Czechia,25,2001,1.8,0,3,2,66.7,1.66,1.1,0.0,0.0,0,0,Matches,bb4a41bc,66.66666666666666,0.03333333333334565
927,Aurélien Tchouaméni,MF,fr France,26,2000,4.0,0,3,0,0.0,0.75,0.0,0.0,,0,0,Matches,4f255115,0.0,0.0
555,Riyad Mahrez,MF,dz Algeria,35,1991,2.9,2,6,3,50.0,2.06,1.03,0.33,0.67,0,0,Matches,892d5bb1,50.0,0.0
627,Teboho Mokoena,MF,za South Africa,29,1997,3.0,1,4,2,50.0,1.33,0.67,0.25,0.5,1,1,Matches,00029b1e,50.0,0.0
818,Bukayo Saka,MF,eng England,24,2001,4.0,3,13,7,53.8,3.27,1.76,0.23,0.43,1,1,Matches,bc7dc64d,53.84615384615385,0.04615384615384954
255,Brahim Díaz,MF,ma Morocco,26,1999,5.1,0,6,1,16.7,1.18,0.2,0.0,0.0,0,0,Matches,407feb71,16.666666666666664,0.03333333333333499
553,Ermin Mahmić,MF,ba Bosnia–Herz,21,2005,0.8,2,4,2,50.0,5.29,2.65,0.5,1.0,0,0,Matches,86e34165,50.0,0.0
169,Moisés Caicedo,MF,ec Ecuador,24,2001,4.0,0,4,1,25.0,1.0,0.25,0.0,0.0,0,0,Matches,16264a81,25.0,0.0
957,Manuel Ugarte,MF,uy Uruguay,25,2001,2.0,0,3,1,33.3,1.47,0.49,0.0,0.0,0,0,Matches,c9817014,33.33333333333333,0.03333333333333144
441,Junya Itō,MF,jp Japan,33,1993,2.4,1,3,1,33.3,1.25,0.42,0.33,1.0,0,0,Matches,dbd3a428,33.33333333333333,0.03333333333333144
